<metadata xml:lang="en"><Esri><CreaDate>20160404</CreaDate><CreaTime>11494400</CreaTime><SyncOnce>FALSE</SyncOnce><DataProperties><itemProps><itemName Sync="TRUE">Batas Administrasi Kecamatan Pontianak</itemName><imsContentType Sync="TRUE">002</imsContentType><itemLocation><linkage Sync="TRUE">file://\\LAPTOP-8BOCTK2D\D$\SEMESTER 4\WEBGIS\PROJECT UAS\arcpro\Batas Administrasi Kecamatan Pontianak.shp</linkage><protocol Sync="TRUE">Local Area Network</protocol></itemLocation><nativeExtBox><westBL Sync="TRUE">108.026140</westBL><eastBL Sync="TRUE">119.036896</eastBL><southBL Sync="TRUE">-5.101754</southBL><northBL Sync="TRUE">4.408303</northBL><exTypeCode Sync="TRUE">1</exTypeCode></nativeExtBox><itemSize Sync="TRUE">0.000</itemSize></itemProps><coordRef><type Sync="TRUE">Geographic</type><geogcsn Sync="TRUE">GCS_WGS_1984</geogcsn><csUnits Sync="TRUE">Angular Unit: Degree (0.017453)</csUnits><peXml Sync="TRUE">&lt;GeographicCoordinateSystem xsi:type='typens:GeographicCoordinateSystem' xmlns:xsi='http://www.w3.org/2001/XMLSchema-instance' xmlns:xs='http://www.w3.org/2001/XMLSchema' xmlns:typens='http://www.esri.com/schemas/ArcGIS/3.0.0'&gt;&lt;WKT&gt;GEOGCS[&amp;quot;GCS_WGS_1984&amp;quot;,DATUM[&amp;quot;D_WGS_1984&amp;quot;,SPHEROID[&amp;quot;WGS_1984&amp;quot;,6378137.0,298.257223563]],PRIMEM[&amp;quot;Greenwich&amp;quot;,0.0],UNIT[&amp;quot;Degree&amp;quot;,0.0174532925199433],AUTHORITY[&amp;quot;EPSG&amp;quot;,4326]],VERTCS[&amp;quot;EGM2008_Geoid&amp;quot;,VDATUM[&amp;quot;EGM2008_Geoid&amp;quot;],PARAMETER[&amp;quot;Vertical_Shift&amp;quot;,0.0],PARAMETER[&amp;quot;Direction&amp;quot;,1.0],UNIT[&amp;quot;Meter&amp;quot;,1.0],AUTHORITY[&amp;quot;EPSG&amp;quot;,3855]]&lt;/WKT&gt;&lt;XOrigin&gt;-400&lt;/XOrigin&gt;&lt;YOrigin&gt;-400&lt;/YOrigin&gt;&lt;XYScale&gt;11258999068426.238&lt;/XYScale&gt;&lt;ZOrigin&gt;-100000&lt;/ZOrigin&gt;&lt;ZScale&gt;10000&lt;/ZScale&gt;&lt;MOrigin&gt;-100000&lt;/MOrigin&gt;&lt;MScale&gt;10000&lt;/MScale&gt;&lt;XYTolerance&gt;8.983152841195215e-09&lt;/XYTolerance&gt;&lt;ZTolerance&gt;0.001&lt;/ZTolerance&gt;&lt;MTolerance&gt;0.001&lt;/MTolerance&gt;&lt;HighPrecision&gt;true&lt;/HighPrecision&gt;&lt;LeftLongitude&gt;-180&lt;/LeftLongitude&gt;&lt;WKID&gt;4326&lt;/WKID&gt;&lt;LatestWKID&gt;4326&lt;/LatestWKID&gt;&lt;VCSWKID&gt;105790&lt;/VCSWKID&gt;&lt;LatestVCSWKID&gt;3855&lt;/LatestVCSWKID&gt;&lt;/GeographicCoordinateSystem&gt;</peXml></coordRef><lineage><Process Name="Clip" ToolSource="c:\program files (x86)\arcgis\desktop10.2\ArcToolbox\Toolboxes\Analysis Tools.tbx\Clip" Date="20161113" Time="131929">Clip "D:\99. TEMP\Angga\A\ADAAJENG\RBI50K_KALIMANTAN.gdb\BatasWilayah_50K\ADMINISTRASIKECAMATAN_AR_50K" Clipper_KalNLP_diss "D:\3. PROJECT\2016\1. BERBAGI PAKAI\PELAKSANAAN\_FILE SERVER\12_KALIMANTAN\BATASWILAYAH\ADMINISTRASIKECAMATAN_AR_50K.shp" #</Process><Process Name="Clip" ToolSource="c:\program files (x86)\arcgis\desktop10.2\ArcToolbox\Toolboxes\Analysis Tools.tbx\Clip" Date="20161117" Time="193917">Clip "D:\3. PROJECT\2016\1. BERBAGI PAKAI\PELAKSANAAN\_FILE SERVER\12_KALIMANTAN\RBI\BATASWILAYAH\ADMINISTRASIKECAMATAN_AR_50K.shp" "D:\3. PROJECT\2016\1. BERBAGI PAKAI\PELAKSANAAN\_FILE SERVER\12_KALIMANTAN\KABKOTA\KOTA PONTIANAK.shp" "D:\3. PROJECT\2016\1. BERBAGI PAKAI\PELAKSANAAN\_FILE SERVER\12_KALIMANTAN\KABKOTA\KOTA PONTIANAK\ADMINISTRASIKECAMATAN_AR_50K.shp" #</Process><Process ToolSource="c:\program files\arcgis\pro\Resources\ArcToolbox\toolboxes\Conversion Tools.tbx\ExportFeatures" Date="20250529" Time="195123">ExportFeatures ADMINISTRASIKECAMATAN_AR_50K "D:\SEMESTER 4\WEBGIS\PROJECT UAS\arcpro\arcpro.gdb\ADMINISTRASIKE_ExportFeature" # NOT_USE_ALIAS "KDPPUM "KDPPUM" true true false 2 Text 0 0,First,#,ADMINISTRASIKECAMATAN_AR_50K,KDPPUM,0,2;NAMOBJ "NAMOBJ" true true false 50 Text 0 0,First,#,ADMINISTRASIKECAMATAN_AR_50K,NAMOBJ,0,50;REMARK "REMARK" true true false 250 Text 0 0,First,#,ADMINISTRASIKECAMATAN_AR_50K,REMARK,0,250;KDPBPS "KDPBPS" true true false 2 Text 0 0,First,#,ADMINISTRASIKECAMATAN_AR_50K,KDPBPS,0,2;FCODE "FCODE" true true false 50 Text 0 0,First,#,ADMINISTRASIKECAMATAN_AR_50K,FCODE,0,50;LUASWH "LUASWH" true true false 19 Double 0 0,First,#,ADMINISTRASIKECAMATAN_AR_50K,LUASWH,-1,-1;UUPP "UUPP" true true false 50 Text 0 0,First,#,ADMINISTRASIKECAMATAN_AR_50K,UUPP,0,50;SRS_ID "SRS_ID" true true false 50 Text 0 0,First,#,ADMINISTRASIKECAMATAN_AR_50K,SRS_ID,0,50;LCODE "LCODE" true true false 50 Text 0 0,First,#,ADMINISTRASIKECAMATAN_AR_50K,LCODE,0,50;METADATA "METADATA" true true false 50 Text 0 0,First,#,ADMINISTRASIKECAMATAN_AR_50K,METADATA,0,50;KDEBPS "KDEBPS" true true false 50 Text 0 0,First,#,ADMINISTRASIKECAMATAN_AR_50K,KDEBPS,0,50;KDEPUM "KDEPUM" true true false 50 Text 0 0,First,#,ADMINISTRASIKECAMATAN_AR_50K,KDEPUM,0,50;KDCBPS "KDCBPS" true true false 50 Text 0 0,First,#,ADMINISTRASIKECAMATAN_AR_50K,KDCBPS,0,50;KDCPUM "KDCPUM" true true false 50 Text 0 0,First,#,ADMINISTRASIKECAMATAN_AR_50K,KDCPUM,0,50;KDBBPS "KDBBPS" true true false 50 Text 0 0,First,#,ADMINISTRASIKECAMATAN_AR_50K,KDBBPS,0,50;KDBPUM "KDBPUM" true true false 50 Text 0 0,First,#,ADMINISTRASIKECAMATAN_AR_50K,KDBPUM,0,50;WADMKD "WADMKD" true true false 50 Text 0 0,First,#,ADMINISTRASIKECAMATAN_AR_50K,WADMKD,0,50;WIADKD "WIADKD" true true false 50 Text 0 0,First,#,ADMINISTRASIKECAMATAN_AR_50K,WIADKD,0,50;WADMKC "WADMKC" true true false 50 Text 0 0,First,#,ADMINISTRASIKECAMATAN_AR_50K,WADMKC,0,50;WIADKC "WIADKC" true true false 50 Text 0 0,First,#,ADMINISTRASIKECAMATAN_AR_50K,WIADKC,0,50;WADMKK "WADMKK" true true false 50 Text 0 0,First,#,ADMINISTRASIKECAMATAN_AR_50K,WADMKK,0,50;WIADKK "WIADKK" true true false 50 Text 0 0,First,#,ADMINISTRASIKECAMATAN_AR_50K,WIADKK,0,50;WADMPR "WADMPR" true true false 50 Text 0 0,First,#,ADMINISTRASIKECAMATAN_AR_50K,WADMPR,0,50;WIADPR "WIADPR" true true false 50 Text 0 0,First,#,ADMINISTRASIKECAMATAN_AR_50K,WIADPR,0,50;TIPADM "TIPADM" true true false 9 Long 0 9,First,#,ADMINISTRASIKECAMATAN_AR_50K,TIPADM,-1,-1;SHAPE_Leng "SHAPE_Leng" true true false 19 Double 0 0,First,#,ADMINISTRASIKECAMATAN_AR_50K,SHAPE_Leng,-1,-1;SHAPE_Area "SHAPE_Area" true true false 19 Double 0 0,First,#,ADMINISTRASIKECAMATAN_AR_50K,SHAPE_Area,-1,-1" #</Process><Process ToolSource="c:\program files\arcgis\pro\Resources\ArcToolbox\toolboxes\Conversion Tools.tbx\ExportFeatures" Date="20250529" Time="195244">ExportFeatures ADMINISTRASIKE_ExportFeature "D:\SEMESTER 4\WEBGIS\PROJECT UAS\arcpro\Batas Administrasi Kecamatan Pontianak.shp" # NOT_USE_ALIAS "KDPPUM "KDPPUM" true true false 2 Text 0 0,First,#,ADMINISTRASIKE_ExportFeature,KDPPUM,0,2;NAMOBJ "NAMOBJ" true true false 50 Text 0 0,First,#,ADMINISTRASIKE_ExportFeature,NAMOBJ,0,50;REMARK "REMARK" true true false 250 Text 0 0,First,#,ADMINISTRASIKE_ExportFeature,REMARK,0,250;KDPBPS "KDPBPS" true true false 2 Text 0 0,First,#,ADMINISTRASIKE_ExportFeature,KDPBPS,0,2;FCODE "FCODE" true true false 50 Text 0 0,First,#,ADMINISTRASIKE_ExportFeature,FCODE,0,50;LUASWH "LUASWH" true true false 8 Double 0 0,First,#,ADMINISTRASIKE_ExportFeature,LUASWH,-1,-1;UUPP "UUPP" true true false 50 Text 0 0,First,#,ADMINISTRASIKE_ExportFeature,UUPP,0,50;SRS_ID "SRS_ID" true true false 50 Text 0 0,First,#,ADMINISTRASIKE_ExportFeature,SRS_ID,0,50;LCODE "LCODE" true true false 50 Text 0 0,First,#,ADMINISTRASIKE_ExportFeature,LCODE,0,50;METADATA "METADATA" true true false 50 Text 0 0,First,#,ADMINISTRASIKE_ExportFeature,METADATA,0,50;KDEBPS "KDEBPS" true true false 50 Text 0 0,First,#,ADMINISTRASIKE_ExportFeature,KDEBPS,0,50;KDEPUM "KDEPUM" true true false 50 Text 0 0,First,#,ADMINISTRASIKE_ExportFeature,KDEPUM,0,50;KDCBPS "KDCBPS" true true false 50 Text 0 0,First,#,ADMINISTRASIKE_ExportFeature,KDCBPS,0,50;KDCPUM "KDCPUM" true true false 50 Text 0 0,First,#,ADMINISTRASIKE_ExportFeature,KDCPUM,0,50;KDBBPS "KDBBPS" true true false 50 Text 0 0,First,#,ADMINISTRASIKE_ExportFeature,KDBBPS,0,50;KDBPUM "KDBPUM" true true false 50 Text 0 0,First,#,ADMINISTRASIKE_ExportFeature,KDBPUM,0,50;WADMKD "WADMKD" true true false 50 Text 0 0,First,#,ADMINISTRASIKE_ExportFeature,WADMKD,0,50;WIADKD "WIADKD" true true false 50 Text 0 0,First,#,ADMINISTRASIKE_ExportFeature,WIADKD,0,50;WADMKC "WADMKC" true true false 50 Text 0 0,First,#,ADMINISTRASIKE_ExportFeature,WADMKC,0,50;WIADKC "WIADKC" true true false 50 Text 0 0,First,#,ADMINISTRASIKE_ExportFeature,WIADKC,0,50;WADMKK "WADMKK" true true false 50 Text 0 0,First,#,ADMINISTRASIKE_ExportFeature,WADMKK,0,50;WIADKK "WIADKK" true true false 50 Text 0 0,First,#,ADMINISTRASIKE_ExportFeature,WIADKK,0,50;WADMPR "WADMPR" true true false 50 Text 0 0,First,#,ADMINISTRASIKE_ExportFeature,WADMPR,0,50;WIADPR "WIADPR" true true false 50 Text 0 0,First,#,ADMINISTRASIKE_ExportFeature,WIADPR,0,50;TIPADM "TIPADM" true true false 4 Long 0 0,First,#,ADMINISTRASIKE_ExportFeature,TIPADM,-1,-1;SHAPE_Leng "SHAPE_Leng" true true false 8 Double 0 0,First,#,ADMINISTRASIKE_ExportFeature,SHAPE_Leng,-1,-1;Shape_Length "Shape_Length" false true true 8 Double 0 0,First,#,ADMINISTRASIKE_ExportFeature,Shape_Length,-1,-1;Shape_Area "Shape_Area" false true true 8 Double 0 0,First,#,ADMINISTRASIKE_ExportFeature,Shape_Area,-1,-1" #</Process></lineage></DataProperties><SyncDate>20250529</SyncDate><SyncTime>19524300</SyncTime><ModDate>20250529</ModDate><ModTime>19524300</ModTime><ArcGISFormat>1.0</ArcGISFormat><scaleRange><minScale>150000000</minScale><maxScale>5000</maxScale></scaleRange><ArcGISProfile>ItemDescription</ArcGISProfile></Esri><dataIdInfo><envirDesc Sync="TRUE">Microsoft Windows 10 Version 10.0 (Build 26100) ; Esri ArcGIS 13.0.0.36056</envirDesc><dataLang><languageCode value="eng" Sync="TRUE"/><countryCode value="IDN" Sync="TRUE"/></dataLang><idCitation><resTitle Sync="FALSE">ADMINISTRASI_AR</resTitle><presForm><PresFormCd value="005" Sync="TRUE"/></presForm></idCitation><spatRpType><SpatRepTypCd value="001" Sync="TRUE"/></spatRpType><idAbs>&lt;DIV STYLE="text-align:Left;"&gt;&lt;DIV&gt;&lt;DIV&gt;&lt;P&gt;&lt;SPAN&gt;Wilayah kerja perangkat Pemerintah Pusat dalam melaksanakan urusan pemerintahan umum di Daerah&lt;/SPAN&gt;&lt;/P&gt;&lt;/DIV&gt;&lt;/DIV&gt;&lt;/DIV&gt;</idAbs><dataExt><vertEle><vertMinVal Sync="TRUE">-36.617000</vertMinVal><vertMaxVal Sync="TRUE">2003.708300</vertMaxVal></vertEle><geoEle/></dataExt><dataExt><geoEle><GeoBndBox esriExtentType="search"><exTypeCode Sync="TRUE">1</exTypeCode><westBL Sync="TRUE">108.026140</westBL><eastBL Sync="TRUE">119.036896</eastBL><northBL Sync="TRUE">4.408303</northBL><southBL Sync="TRUE">-5.101754</southBL></GeoBndBox></geoEle></dataExt></dataIdInfo><mdLang><languageCode value="eng" Sync="TRUE"/><countryCode value="IDN" Sync="TRUE"/></mdLang><distInfo><distFormat><formatName Sync="TRUE">Shapefile</formatName></distFormat><distTranOps><transSize Sync="TRUE">0.000</transSize></distTranOps></distInfo><mdHrLv><ScopeCd value="005" Sync="TRUE"/></mdHrLv><mdHrLvName Sync="TRUE">dataset</mdHrLvName><refSysInfo><RefSystem><refSysID><identCode code="4326" Sync="TRUE"/><idCodeSpace Sync="TRUE">EPSG</idCodeSpace><idVersion Sync="TRUE">6.2(3.0.1)</idVersion></refSysID></RefSystem></refSysInfo><spatRepInfo><VectSpatRep><geometObjs Name="Batas Administrasi Kecamatan Pontianak"><geoObjTyp><GeoObjTypCd value="002" Sync="TRUE"></GeoObjTypCd></geoObjTyp><geoObjCnt Sync="TRUE">0</geoObjCnt></geometObjs><topLvl><TopoLevCd value="001" Sync="TRUE"></TopoLevCd></topLvl></VectSpatRep></spatRepInfo><spdoinfo><ptvctinf><esriterm Name="Batas Administrasi Kecamatan Pontianak"><efeatyp Sync="TRUE">Simple</efeatyp><efeageom code="4" Sync="TRUE"></efeageom><esritopo Sync="TRUE">FALSE</esritopo><efeacnt Sync="TRUE">0</efeacnt><spindex Sync="TRUE">FALSE</spindex><linrefer Sync="TRUE">TRUE</linrefer></esriterm></ptvctinf></spdoinfo><eainfo><detailed Name="Batas Administrasi Kecamatan Pontianak"><enttyp><enttypl Sync="TRUE">Batas Administrasi Kecamatan Pontianak</enttypl><enttypt Sync="TRUE">Feature Class</enttypt><enttypc Sync="TRUE">0</enttypc></enttyp><attr><attrlabl Sync="TRUE">FID</attrlabl><attalias Sync="TRUE">FID</attalias><attrtype Sync="TRUE">OID</attrtype><attwidth Sync="TRUE">4</attwidth><atprecis Sync="TRUE">0</atprecis><attscale Sync="TRUE">0</attscale><attrdef Sync="TRUE">Internal feature number.</attrdef><attrdefs Sync="TRUE">Esri</attrdefs><attrdomv><udom Sync="TRUE">Sequential unique whole numbers that are automatically generated.</udom></attrdomv></attr><attr><attrlabl Sync="TRUE">SHAPE</attrlabl><attalias Sync="TRUE">Shape</attalias><attrtype Sync="TRUE">Geometry</attrtype><attwidth Sync="TRUE">0</attwidth><atprecis Sync="TRUE">0</atprecis><attscale Sync="TRUE">0</attscale><attrdef Sync="TRUE">Feature geometry.</attrdef><attrdefs Sync="TRUE">Esri</attrdefs><attrdomv><udom Sync="TRUE">Coordinates defining the features.</udom></attrdomv></attr><attr><attrlabl Sync="TRUE">KDPPUM</attrlabl><attalias Sync="TRUE">KDPPUM</attalias><attrtype Sync="TRUE">String</attrtype><attwidth Sync="TRUE">2</attwidth><atprecis Sync="TRUE">0</atprecis><attscale Sync="TRUE">0</attscale></attr><attr><attrlabl Sync="TRUE">NAMOBJ</attrlabl><attalias Sync="TRUE">NAMOBJ</attalias><attrtype Sync="TRUE">String</attrtype><attwidth Sync="TRUE">50</attwidth><atprecis Sync="TRUE">0</atprecis><attscale Sync="TRUE">0</attscale></attr><attr><attrlabl Sync="TRUE">REMARK</attrlabl><attalias Sync="TRUE">REMARK</attalias><attrtype Sync="TRUE">String</attrtype><attwidth Sync="TRUE">250</attwidth><atprecis Sync="TRUE">0</atprecis><attscale Sync="TRUE">0</attscale></attr><attr><attrlabl Sync="TRUE">KDPBPS</attrlabl><attalias Sync="TRUE">KDPBPS</attalias><attrtype Sync="TRUE">String</attrtype><attwidth Sync="TRUE">2</attwidth><atprecis Sync="TRUE">0</atprecis><attscale Sync="TRUE">0</attscale></attr><attr><attrlabl Sync="TRUE">FCODE</attrlabl><attalias Sync="TRUE">FCODE</attalias><attrtype Sync="TRUE">String</attrtype><attwidth Sync="TRUE">50</attwidth><atprecis Sync="TRUE">0</atprecis><attscale Sync="TRUE">0</attscale></attr><attr><attrlabl Sync="TRUE">LUASWH</attrlabl><attalias Sync="TRUE">LUASWH</attalias><attrtype Sync="TRUE">Double</attrtype><attwidth Sync="TRUE">19</attwidth><atprecis Sync="TRUE">0</atprecis><attscale Sync="TRUE">0</attscale></attr><attr><attrlabl Sync="TRUE">UUPP</attrlabl><attalias Sync="TRUE">UUPP</attalias><attrtype Sync="TRUE">String</attrtype><attwidth Sync="TRUE">50</attwidth><atprecis Sync="TRUE">0</atprecis><attscale Sync="TRUE">0</attscale></attr><attr><attrlabl Sync="TRUE">SRS_ID</attrlabl><attalias Sync="TRUE">SRS_ID</attalias><attrtype Sync="TRUE">String</attrtype><attwidth Sync="TRUE">50</attwidth><atprecis Sync="TRUE">0</atprecis><attscale Sync="TRUE">0</attscale></attr><attr><attrlabl Sync="TRUE">LCODE</attrlabl><attalias Sync="TRUE">LCODE</attalias><attrtype Sync="TRUE">String</attrtype><attwidth Sync="TRUE">50</attwidth><atprecis Sync="TRUE">0</atprecis><attscale Sync="TRUE">0</attscale></attr><attr><attrlabl Sync="TRUE">METADATA</attrlabl><attalias Sync="TRUE">METADATA</attalias><attrtype Sync="TRUE">String</attrtype><attwidth Sync="TRUE">50</attwidth><atprecis Sync="TRUE">0</atprecis><attscale Sync="TRUE">0</attscale></attr><attr><attrlabl Sync="TRUE">KDEBPS</attrlabl><attalias Sync="TRUE">KDEBPS</attalias><attrtype Sync="TRUE">String</attrtype><attwidth Sync="TRUE">50</attwidth><atprecis Sync="TRUE">0</atprecis><attscale Sync="TRUE">0</attscale></attr><attr><attrlabl Sync="TRUE">KDEPUM</attrlabl><attalias Sync="TRUE">KDEPUM</attalias><attrtype Sync="TRUE">String</attrtype><attwidth Sync="TRUE">50</attwidth><atprecis Sync="TRUE">0</atprecis><attscale Sync="TRUE">0</attscale></attr><attr><attrlabl Sync="TRUE">KDCBPS</attrlabl><attalias Sync="TRUE">KDCBPS</attalias><attrtype Sync="TRUE">String</attrtype><attwidth Sync="TRUE">50</attwidth><atprecis Sync="TRUE">0</atprecis><attscale Sync="TRUE">0</attscale></attr><attr><attrlabl Sync="TRUE">KDCPUM</attrlabl><attalias Sync="TRUE">KDCPUM</attalias><attrtype Sync="TRUE">String</attrtype><attwidth Sync="TRUE">50</attwidth><atprecis Sync="TRUE">0</atprecis><attscale Sync="TRUE">0</attscale></attr><attr><attrlabl Sync="TRUE">KDBBPS</attrlabl><attalias Sync="TRUE">KDBBPS</attalias><attrtype Sync="TRUE">String</attrtype><attwidth Sync="TRUE">50</attwidth><atprecis Sync="TRUE">0</atprecis><attscale Sync="TRUE">0</attscale></attr><attr><attrlabl Sync="TRUE">KDBPUM</attrlabl><attalias Sync="TRUE">KDBPUM</attalias><attrtype Sync="TRUE">String</attrtype><attwidth Sync="TRUE">50</attwidth><atprecis Sync="TRUE">0</atprecis><attscale Sync="TRUE">0</attscale></attr><attr><attrlabl Sync="TRUE">WADMKD</attrlabl><attalias Sync="TRUE">WADMKD</attalias><attrtype Sync="TRUE">String</attrtype><attwidth Sync="TRUE">50</attwidth><atprecis Sync="TRUE">0</atprecis><attscale Sync="TRUE">0</attscale></attr><attr><attrlabl Sync="TRUE">WIADKD</attrlabl><attalias Sync="TRUE">WIADKD</attalias><attrtype Sync="TRUE">String</attrtype><attwidth Sync="TRUE">50</attwidth><atprecis Sync="TRUE">0</atprecis><attscale Sync="TRUE">0</attscale></attr><attr><attrlabl Sync="TRUE">WADMKC</attrlabl><attalias Sync="TRUE">WADMKC</attalias><attrtype Sync="TRUE">String</attrtype><attwidth Sync="TRUE">50</attwidth><atprecis Sync="TRUE">0</atprecis><attscale Sync="TRUE">0</attscale></attr><attr><attrlabl Sync="TRUE">WIADKC</attrlabl><attalias Sync="TRUE">WIADKC</attalias><attrtype Sync="TRUE">String</attrtype><attwidth Sync="TRUE">50</attwidth><atprecis Sync="TRUE">0</atprecis><attscale Sync="TRUE">0</attscale></attr><attr><attrlabl Sync="TRUE">WADMKK</attrlabl><attalias Sync="TRUE">WADMKK</attalias><attrtype Sync="TRUE">String</attrtype><attwidth Sync="TRUE">50</attwidth><atprecis Sync="TRUE">0</atprecis><attscale Sync="TRUE">0</attscale></attr><attr><attrlabl Sync="TRUE">WIADKK</attrlabl><attalias Sync="TRUE">WIADKK</attalias><attrtype Sync="TRUE">String</attrtype><attwidth Sync="TRUE">50</attwidth><atprecis Sync="TRUE">0</atprecis><attscale Sync="TRUE">0</attscale></attr><attr><attrlabl Sync="TRUE">WADMPR</attrlabl><attalias Sync="TRUE">WADMPR</attalias><attrtype Sync="TRUE">String</attrtype><attwidth Sync="TRUE">50</attwidth><atprecis Sync="TRUE">0</atprecis><attscale Sync="TRUE">0</attscale></attr><attr><attrlabl Sync="TRUE">WIADPR</attrlabl><attalias Sync="TRUE">WIADPR</attalias><attrtype Sync="TRUE">String</attrtype><attwidth Sync="TRUE">50</attwidth><atprecis Sync="TRUE">0</atprecis><attscale Sync="TRUE">0</attscale></attr><attr><attrlabl Sync="TRUE">TIPADM</attrlabl><attalias Sync="TRUE">TIPADM</attalias><attrtype Sync="TRUE">Integer</attrtype><attwidth Sync="TRUE">10</attwidth><atprecis Sync="TRUE">10</atprecis><attscale Sync="TRUE">0</attscale></attr><attr><attrlabl Sync="TRUE">SHAPE_Leng</attrlabl><attalias Sync="TRUE">SHAPE_Leng</attalias><attrtype Sync="TRUE">Double</attrtype><attwidth Sync="TRUE">19</attwidth><atprecis Sync="TRUE">0</atprecis><attscale Sync="TRUE">0</attscale></attr><attr><attrlabl Sync="TRUE">Shape_Le_1</attrlabl><attalias Sync="TRUE">Shape_Le_1</attalias><attrtype Sync="TRUE">Double</attrtype><attwidth Sync="TRUE">19</attwidth><atprecis Sync="TRUE">0</atprecis><attscale Sync="TRUE">0</attscale></attr><attr><attrlabl Sync="TRUE">SHAPE_Area</attrlabl><attalias Sync="TRUE">Shape_Area</attalias><attrtype Sync="TRUE">Double</attrtype><attwidth Sync="TRUE">19</attwidth><atprecis Sync="TRUE">0</atprecis><attscale Sync="TRUE">0</attscale><attrdef Sync="TRUE">Area of feature in internal units squared.</attrdef><attrdefs Sync="TRUE">Esri</attrdefs><attrdomv><udom Sync="TRUE">Positive real numbers that are automatically generated.</udom></attrdomv></attr></detailed></eainfo><mdDateSt Sync="TRUE">20250529</mdDateSt></metadata>
